<annotation>
	<folder>data</folder>
	<filename>4_26_18_PrDefStrPow_3p63um_Stitch_0959.tif</filename>
	<path>C:\Users\marnhar\Downloads\windows_v1.8.0\windows_v1.8.0\data\4_26_18_PrDefStrPow_3p63um_Stitch_0959.tif</path>
	<source>
		<database>Unknown</database>
	</source>
	<size>
		<width>987</width>
		<height>1013</height>
		<depth>1</depth>
	</size>
	<segmented>0</segmented>
	<object>
		<name>pore</name>
		<pose>Unspecified</pose>
		<truncated>0</truncated>
		<difficult>0</difficult>
		<bndbox>
			<xmin>434</xmin>
			<ymin>891</ymin>
			<xmax>450</xmax>
			<ymax>913</ymax>
		</bndbox>
	</object>
	<object>
		<name>pore</name>
		<pose>Unspecified</pose>
		<truncated>0</truncated>
		<difficult>0</difficult>
		<bndbox>
			<xmin>519</xmin>
			<ymin>744</ymin>
			<xmax>536</xmax>
			<ymax>759</ymax>
		</bndbox>
	</object>
	<object>
		<name>pore</name>
		<pose>Unspecified</pose>
		<truncated>0</truncated>
		<difficult>0</difficult>
		<bndbox>
			<xmin>589</xmin>
			<ymin>474</ymin>
			<xmax>601</xmax>
			<ymax>492</ymax>
		</bndbox>
	</object>
	<object>
		<name>pore</name>
		<pose>Unspecified</pose>
		<truncated>0</truncated>
		<difficult>0</difficult>
		<bndbox>
			<xmin>642</xmin>
			<ymin>796</ymin>
			<xmax>655</xmax>
			<ymax>811</ymax>
		</bndbox>
	</object>
</annotation>
