<annotation>
	<folder>data</folder>
	<filename>4_26_18_PrDefStrPow_3p63um_Stitch_0960.tif</filename>
	<path>C:\Users\marnhar\Downloads\windows_v1.8.0\windows_v1.8.0\data\4_26_18_PrDefStrPow_3p63um_Stitch_0960.tif</path>
	<source>
		<database>Unknown</database>
	</source>
	<size>
		<width>987</width>
		<height>1013</height>
		<depth>1</depth>
	</size>
	<segmented>0</segmented>
	<object>
		<name>pore</name>
		<pose>Unspecified</pose>
		<truncated>0</truncated>
		<difficult>0</difficult>
		<bndbox>
			<xmin>519</xmin>
			<ymin>744</ymin>
			<xmax>538</xmax>
			<ymax>760</ymax>
		</bndbox>
	</object>
	<object>
		<name>pore</name>
		<pose>Unspecified</pose>
		<truncated>0</truncated>
		<difficult>0</difficult>
		<bndbox>
			<xmin>588</xmin>
			<ymin>478</ymin>
			<xmax>602</xmax>
			<ymax>490</ymax>
		</bndbox>
	</object>
	<object>
		<name>pore</name>
		<pose>Unspecified</pose>
		<truncated>0</truncated>
		<difficult>0</difficult>
		<bndbox>
			<xmin>437</xmin>
			<ymin>895</ymin>
			<xmax>448</xmax>
			<ymax>910</ymax>
		</bndbox>
	</object>
</annotation>
