<annotation>
	<folder>data</folder>
	<filename>4_26_18_PrDefStrPow_3p63um_Stitch_0961.tif</filename>
	<path>C:\Users\marnhar\Downloads\windows_v1.8.0\windows_v1.8.0\data\4_26_18_PrDefStrPow_3p63um_Stitch_0961.tif</path>
	<source>
		<database>Unknown</database>
	</source>
	<size>
		<width>987</width>
		<height>1013</height>
		<depth>1</depth>
	</size>
	<segmented>0</segmented>
	<object>
		<name>pore</name>
		<pose>Unspecified</pose>
		<truncated>0</truncated>
		<difficult>0</difficult>
		<bndbox>
			<xmin>522</xmin>
			<ymin>745</ymin>
			<xmax>536</xmax>
			<ymax>762</ymax>
		</bndbox>
	</object>
	<object>
		<name>pore</name>
		<pose>Unspecified</pose>
		<truncated>0</truncated>
		<difficult>0</difficult>
		<bndbox>
			<xmin>589</xmin>
			<ymin>480</ymin>
			<xmax>601</xmax>
			<ymax>489</ymax>
		</bndbox>
	</object>
	<object>
		<name>pore</name>
		<pose>Unspecified</pose>
		<truncated>0</truncated>
		<difficult>0</difficult>
		<bndbox>
			<xmin>432</xmin>
			<ymin>897</ymin>
			<xmax>452</xmax>
			<ymax>912</ymax>
		</bndbox>
	</object>
</annotation>
