<annotation>
	<folder>data</folder>
	<filename>4_26_18_PrDefStrPow_3p63um_Stitch_0958.tif</filename>
	<path>C:\Users\marnhar\Downloads\windows_v1.8.0\windows_v1.8.0\data\4_26_18_PrDefStrPow_3p63um_Stitch_0958.tif</path>
	<source>
		<database>Unknown</database>
	</source>
	<size>
		<width>987</width>
		<height>1013</height>
		<depth>1</depth>
	</size>
	<segmented>0</segmented>
	<object>
		<name>pore</name>
		<pose>Unspecified</pose>
		<truncated>0</truncated>
		<difficult>0</difficult>
		<bndbox>
			<xmin>522</xmin>
			<ymin>741</ymin>
			<xmax>533</xmax>
			<ymax>755</ymax>
		</bndbox>
	</object>
	<object>
		<name>pore</name>
		<pose>Unspecified</pose>
		<truncated>0</truncated>
		<difficult>0</difficult>
		<bndbox>
			<xmin>642</xmin>
			<ymin>794</ymin>
			<xmax>658</xmax>
			<ymax>810</ymax>
		</bndbox>
	</object>
	<object>
		<name>pore</name>
		<pose>Unspecified</pose>
		<truncated>0</truncated>
		<difficult>0</difficult>
		<bndbox>
			<xmin>430</xmin>
			<ymin>893</ymin>
			<xmax>447</xmax>
			<ymax>910</ymax>
		</bndbox>
	</object>
</annotation>
