<annotation>
	<folder>data</folder>
	<filename>4_26_18_PrDefStrPow_3p63um_Stitch_0957.tif</filename>
	<path>C:\Users\marnhar\Downloads\windows_v1.8.0\windows_v1.8.0\data\4_26_18_PrDefStrPow_3p63um_Stitch_0957.tif</path>
	<source>
		<database>Unknown</database>
	</source>
	<size>
		<width>987</width>
		<height>1013</height>
		<depth>1</depth>
	</size>
	<segmented>0</segmented>
	<object>
		<name>pore</name>
		<pose>Unspecified</pose>
		<truncated>0</truncated>
		<difficult>0</difficult>
		<bndbox>
			<xmin>520</xmin>
			<ymin>737</ymin>
			<xmax>534</xmax>
			<ymax>751</ymax>
		</bndbox>
	</object>
</annotation>
